Component_ID,Component_Type,Vibration,Temperature,Pressure,Operating_Hours,Remaining_Useful_Life
CMP0001,Hydraulic Cylinder,3.4987386515789898,48.50431014331723,181.76555066903546,2547,870
CMP0002,Hydraulic Cylinder,4.874911074205857,90.47250053583589,192.90326665375508,457,690
CMP0003,Hydraulic Cylinder,0.42001482772181153,77.65153846007352,286.8168987656927,1750,670
CMP0004,Gear,0.5737392307034146,93.24075235998055,191.12778777031082,1467,51
CMP0005,Gear,3.6997027464817482,96.10179025175844,202.34153853805952,596,343
CMP0006,Engine,2.2045900828595504,78.8018422965827,225.37387733150157,2091,731
CMP0007,Gear,2.192002087089029,88.56596492833035,265.09316772471607,1091,325
CMP0008,Engine,0.8573428211683269,62.08346801467947,140.31919048292247,1064,952
CMP0009,Engine,0.6120918011537603,94.08960861578512,50.5057141249003,1391,812
CMP0010,Hydraulic Cylinder,3.0930622051149537,76.6940776776036,291.3569644819753,2129,175
CMP0011,Hydraulic Cylinder,2.5901954535076492,88.75931627888276,58.21944886992401,1274,744
CMP0012,Hydraulic Cylinder,3.5103801708178533,40.87508243789365,234.0221181695016,442,731
CMP0013,Hydraulic Cylinder,4.709490651609104,74.69268082071257,61.454577089679816,2105,689
CMP0014,Engine,1.3126577417002614,91.29283990684083,171.29557112368784,682,76
CMP0015,Hydraulic Cylinder,2.524953147681809,63.831874777574015,86.80618642356731,3961,962
CMP0016,Gear,1.1940343090651206,42.15106242480217,281.13518298174694,2594,253
CMP0017,Engine,0.27553211160304136,79.68583296115264,149.44654056855774,3550,893
CMP0018,Engine,4.241180774463403,85.08220311988565,295.83873250408845,1108,240
CMP0019,Engine,1.7472512908476447,50.37139184588731,163.21127766537722,194,507
CMP0020,Gear,2.597441454179318,79.8661672810126,219.1803676264406,2616,520
CMP0021,Engine,3.218789671713759,83.12065581715595,103.94477025128134,1160,543
CMP0022,Gear,3.1690434445225315,63.360750331714115,94.99481363993188,4499,366
CMP0023,Hydraulic Cylinder,0.6961361228354669,56.687313049727805,132.61503279536652,4471,256
CMP0024,Gear,2.642732219611587,82.74371538074392,181.06999232733125,1601,281
CMP0025,Gear,0.43742093934833637,80.51015523769175,233.83421158917946,3107,442
CMP0026,Gear,0.953687157300486,85.6349228099231,143.37934852958767,55,348
CMP0027,Gear,3.511548132096135,45.05775458881499,97.72142237864483,1188,300
CMP0028,Engine,4.391913098103954,60.43476079579109,152.557813243767,3818,848
CMP0029,Gear,1.6734459127159198,54.189097068393096,135.93780604207217,1808,754
CMP0030,Gear,0.2035558104553386,69.89820360820359,172.4540146170982,4363,479
CMP0031,Gear,3.1392971451190808,48.77282900362953,130.66335851501785,32,202
CMP0032,Engine,1.6618244018414572,49.50395414329445,190.8303800634663,3235,377
CMP0033,Gear,3.700506085155906,90.25067614604112,60.63533581341031,1926,338
CMP0034,Gear,0.6607614995519819,63.522775583557966,244.7479650770605,3830,976
CMP0035,Gear,2.2568914832804765,65.23253279261567,200.85826273802743,3987,519
CMP0036,Hydraulic Cylinder,0.8720063358534833,44.371887408031974,112.10076775134635,27,819
CMP0037,Gear,1.4292026348401474,78.72627687579923,174.00188618888245,3433,410
CMP0038,Gear,1.7483942207399574,57.06490595491237,270.9541541714709,160,554
CMP0039,Gear,4.933858380445413,70.07883472957293,149.1449269280438,1888,121
CMP0040,Hydraulic Cylinder,4.996548969672058,70.70254295528349,122.93328618622138,3919,996
CMP0041,Engine,2.9276111578766386,99.41610432599495,67.87569887411605,769,509
CMP0042,Engine,4.816598728191431,43.88037993553612,234.68415172243033,1577,383
CMP0043,Engine,3.5809050865806697,42.20618984855536,149.39298145415,4945,205
CMP0044,Hydraulic Cylinder,3.211106912694034,54.081085723116765,234.14276729535138,3604,912
CMP0045,Hydraulic Cylinder,1.2010146241040793,90.96830788334165,155.99460721718384,3797,655
CMP0046,Engine,1.277327182398242,93.12873848903521,79.96880274968336,3503,682
CMP0047,Hydraulic Cylinder,3.9547920096426203,96.95842935649407,125.87952191799243,2469,90
CMP0048,Gear,1.4999660054033805,86.0503167573691,155.533899490266,4748,284
CMP0049,Engine,0.885885504556732,86.42352451589738,63.32886152745793,1628,964
CMP0050,Hydraulic Cylinder,4.348559945658461,96.69030364954591,297.75296391622607,574,367
CMP0051,Hydraulic Cylinder,0.14502007584191012,53.55212499812128,97.50257278123429,1603,334
CMP0052,Engine,1.1521242603645454,55.45123815736096,295.45320366310153,2941,456
CMP0053,Hydraulic Cylinder,3.5390199280786296,45.91423416424376,248.255145371016,551,371
CMP0054,Hydraulic Cylinder,1.4593402719149116,85.0897523369465,76.66227841268682,293,234
CMP0055,Gear,3.06753965094044,63.98540574390111,77.32067982644742,2118,274
CMP0056,Engine,3.7464005165424337,46.76484690920821,278.23790314891204,2041,382
CMP0057,Hydraulic Cylinder,2.675499963532056,56.452195870152835,289.25169428097047,2334,411
CMP0058,Gear,3.9344049656930293,46.99415278105334,237.63288618058294,1603,108
CMP0059,Gear,1.0374734447938712,85.15977917473626,111.57964520940223,4687,113
CMP0060,Engine,1.2003046247748737,60.51056383102444,267.70575178195975,1933,546
CMP0061,Engine,1.3834408547773662,96.49665202731612,298.9154466413978,203,583
CMP0062,Engine,2.0876389350460363,91.05341033454519,95.50385391974993,906,805
CMP0063,Engine,0.7887909276751502,40.191300283100524,298.62968905285413,2033,713
CMP0064,Engine,3.9780740761971787,52.10083259795735,254.70699771777532,3248,999
CMP0065,Hydraulic Cylinder,3.5502173227356386,81.34975951365215,283.75451013025827,3205,141
CMP0066,Gear,2.5277971908535837,96.4426694898032,243.446091052441,4172,867
CMP0067,Hydraulic Cylinder,3.3174388561762926,41.0644701851046,279.1334601881001,745,749
CMP0068,Engine,0.6317219617621749,42.35264153968028,208.58708101429045,2515,708
CMP0069,Hydraulic Cylinder,0.5779549102503941,76.94911418826773,256.0806230028868,2059,118
CMP0070,Hydraulic Cylinder,3.2825644444804416,99.53454951708272,125.28452460949758,1650,65
CMP0071,Gear,0.37928820173056266,93.76442093201263,215.70901801031388,3021,368
CMP0072,Gear,1.6957326713704721,82.64323688470608,275.37378983667963,1624,354
CMP0073,Hydraulic Cylinder,0.9630214657749002,43.99398636652109,240.55596478632197,3268,588
CMP0074,Hydraulic Cylinder,3.576527074466996,60.19410855584704,83.62157332136975,2306,875
CMP0075,Hydraulic Cylinder,2.1685080043319123,67.535524128188,112.72157382046805,2433,398
CMP0076,Hydraulic Cylinder,0.41662978009047524,62.92020829340328,195.51449699994518,3132,470
CMP0077,Engine,2.5058420851994274,67.50914623344102,92.56190254994152,4214,341
CMP0078,Hydraulic Cylinder,1.9658326266363442,52.06736261597473,236.94532061959842,1013,177
CMP0079,Gear,3.521437437415791,89.6995732387418,81.58647535234313,3582,892
CMP0080,Engine,4.153729998484478,55.444487505373836,77.19403681416824,2503,593
CMP0081,Hydraulic Cylinder,2.370171358545508,65.42318020828847,172.83650173652322,584,434
CMP0082,Gear,4.485161860421194,44.59289572914419,200.16115713440863,683,989
CMP0083,Gear,3.6767970544602315,67.94262825220387,168.5655928641185,302,105
CMP0084,Gear,3.4413850319016266,91.00734736108026,144.9075130099404,915,827
CMP0085,Engine,4.1980271484717,71.9440997088253,165.11918002139697,3442,251
CMP0086,Hydraulic Cylinder,2.4850308351201424,72.80076685604794,101.33875784202172,4137,147
CMP0087,Hydraulic Cylinder,0.6709069771628803,49.22438738395506,62.626549083474075,442,716
CMP0088,Gear,1.0403831702095712,70.04194652167014,121.21913610328018,3963,230
CMP0089,Engine,4.206853544835231,92.39758526132496,171.13542905337442,1188,204
CMP0090,Gear,2.709526752050021,50.98421239152889,76.95138792341848,4665,190
CMP0091,Gear,4.806572926423151,94.97433743290742,77.59695976903234,3358,934
CMP0092,Hydraulic Cylinder,0.5220467621599476,46.80685754719393,137.91391167900474,1459,737
CMP0093,Hydraulic Cylinder,3.2439095493861285,47.23975802379321,101.92839534079665,4706,674
CMP0094,Engine,3.6920074036588257,87.73767008003989,199.29507403690323,4315,285
CMP0095,Hydraulic Cylinder,0.8974257544621107,95.56527406673747,177.82044093948605,4833,782
CMP0096,Gear,2.691349459377871,46.80027041455192,221.09047565773622,1317,846
CMP0097,Gear,2.081695410977391,47.00556492965297,116.54078888041235,3540,384
CMP0098,Hydraulic Cylinder,2.0704856678986046,43.76174440805347,112.60037094653556,2357,154
CMP0099,Hydraulic Cylinder,1.2713298533938209,61.22710516500275,210.78564107178568,352,999
CMP0100,Hydraulic Cylinder,3.3140989270453862,75.71299215884724,59.62186877629631,1326,336
CMP0101,Hydraulic Cylinder,4.559084195975738,93.65582771997788,72.63472572875324,3336,216
CMP0102,Hydraulic Cylinder,4.493829552879753,67.08026436308168,219.44965937978165,694,697
CMP0103,Hydraulic Cylinder,1.5622931773870627,95.79498727507175,270.1998400465585,4673,106
CMP0104,Engine,3.9790233519040035,46.93009697709433,101.02711933133908,3493,84
CMP0105,Hydraulic Cylinder,4.787243887789697,83.97009314603346,135.57562773905454,1828,842
CMP0106,Gear,2.232521099862376,45.731669649101875,178.94525113653924,3494,78
CMP0107,Gear,0.8035588055407352,53.00159432312765,161.84137711898893,3436,453
CMP0108,Gear,3.3759246820935584,70.35749009063974,259.3044345357637,4178,178
CMP0109,Engine,4.55386717921365,90.20354011922097,276.3666749613085,1842,578
CMP0110,Gear,1.1388816536453155,83.5257529583854,93.54448075333323,969,866
CMP0111,Engine,3.7455675289504433,42.41773774966219,251.17870883990395,1699,663
CMP0112,Hydraulic Cylinder,2.9292696551934365,60.9536961289152,66.33420600238902,2861,349
CMP0113,Hydraulic Cylinder,3.2124437622466413,60.9930788653007,112.88783305830864,327,699
CMP0114,Gear,2.167935820226198,89.35453899014439,297.04675481630176,2875,212
CMP0115,Engine,3.4602692227204574,72.51391790822521,272.1974228317244,4122,620
CMP0116,Engine,0.12098185908119896,90.44621134289082,86.08587304030256,2159,852
CMP0117,Gear,2.0360263526198032,76.60438965869608,242.11188696695305,2184,171
CMP0118,Hydraulic Cylinder,4.0369530533278875,43.58884566534544,108.832454351711,3566,359
CMP0119,Hydraulic Cylinder,3.3667249701979176,58.081104138981445,240.59326089818225,2442,53
CMP0120,Hydraulic Cylinder,4.125152217712965,99.07449129094122,246.3219050296375,614,134
CMP0121,Engine,4.1022325792548235,51.5117259173192,232.4330978183556,711,726
CMP0122,Hydraulic Cylinder,4.057439479518912,82.95891238996307,146.9520425972461,3669,194
CMP0123,Gear,1.046718359671325,55.993520293334456,88.18643634035007,2383,416
CMP0124,Gear,1.0398640081788293,68.07020231953334,188.4255229064094,3042,284
CMP0125,Engine,2.402716854236882,98.67270511349349,237.2275467297568,180,158
CMP0126,Gear,0.28502386418126313,79.97608786767313,63.023910237579514,1886,894
CMP0127,Hydraulic Cylinder,1.3914758135515966,49.10273224971345,176.6351522398872,4066,545
CMP0128,Engine,3.9348003510181777,46.14381119894661,259.26026639416443,2870,987
CMP0129,Gear,3.43256304711401,99.74552644091794,180.93873022686935,3437,669
CMP0130,Hydraulic Cylinder,4.415236810271661,84.8592870635812,95.74971193322091,3491,377
CMP0131,Engine,4.811673749279927,74.93611243777048,147.5103645651172,99,400
CMP0132,Engine,0.1064003686216179,62.3676954624896,199.99910746252945,81,707
CMP0133,Engine,0.5324776145061755,57.40119851198767,77.66157367292227,996,729
CMP0134,Gear,1.990908282624086,96.23369878499823,287.1051225974137,3268,431
CMP0135,Hydraulic Cylinder,4.6669588274485525,92.90757372247279,243.7788819775722,4432,422
CMP0136,Engine,3.7792714281074717,85.55452940183076,79.97282038489776,3410,410
CMP0137,Gear,1.697849404744868,85.91508837342354,150.8632205229855,422,284
CMP0138,Hydraulic Cylinder,4.736168528112594,59.92769359652777,98.71798855568413,2218,882
CMP0139,Engine,1.4006232790138597,61.756138498376814,52.00301273761194,3288,995
CMP0140,Engine,1.7394067556362798,44.158119220352404,215.43068753220192,2873,426
CMP0141,Gear,4.829238611983213,53.04451271229177,90.0468442434514,4394,107
CMP0142,Gear,2.525707577814175,90.39566708127569,149.85514774321305,1009,774
CMP0143,Gear,3.762934335214026,49.32891579243112,172.60915334852785,980,818
CMP0144,Gear,3.437793008479911,47.46235453815661,182.12887940185072,3925,293
CMP0145,Hydraulic Cylinder,3.5080402799735415,80.19308199984923,142.69745147333813,3404,605
CMP0146,Engine,3.9710368265037017,85.60274072885696,108.94859312709352,3937,425
CMP0147,Engine,2.8271475185880037,53.88240337474456,92.51803725470526,1426,125
CMP0148,Gear,2.4408984738567883,49.696931789292684,129.86461917006426,3406,184
CMP0149,Hydraulic Cylinder,4.371867996743052,79.46879261145432,84.201732938935,3425,938
CMP0150,Engine,3.12787927400532,63.597397264252294,68.73449841918956,2107,559
CMP0151,Gear,2.179315449986915,51.48685954663049,241.10878101663593,2027,859
CMP0152,Engine,0.8909416478344662,44.37287017530768,184.23988067473954,3227,250
CMP0153,Hydraulic Cylinder,4.980987147135716,72.10085356013862,173.88107852030248,355,768
CMP0154,Gear,3.5331341992747203,45.0646065890956,297.4386122965445,3475,567
CMP0155,Engine,2.91659672675787,84.16845849181315,99.36250817486085,1459,168
CMP0156,Hydraulic Cylinder,0.49075770803315766,96.65378916066197,170.15211276455645,2287,634
CMP0157,Gear,4.9766649843158834,59.75025243139022,115.17924458663771,3076,796
CMP0158,Hydraulic Cylinder,3.483693201737822,98.32143651929863,86.21755402062288,3870,623
CMP0159,Engine,4.199925357828558,59.998220331318045,272.39268601310056,3994,700
CMP0160,Engine,4.257646600485341,72.62044501427857,160.7962159189638,3666,231
CMP0161,Gear,2.807109092582381,94.2332776398539,93.68350642749691,3424,128
CMP0162,Engine,3.61925737683945,94.9336631794139,118.8749727566813,3893,328
CMP0163,Hydraulic Cylinder,2.1677315734421194,49.79137358364639,141.31015189992013,28,113
CMP0164,Engine,0.5725357908540303,44.389028786217644,63.91900884145933,1073,692
CMP0165,Hydraulic Cylinder,0.409364823012351,80.15224162202163,155.21225246624,1813,683
CMP0166,Hydraulic Cylinder,1.7324882807432957,67.49775784413971,60.48835737327966,2746,384
CMP0167,Engine,4.657889383896323,98.82498846811842,97.0436605295946,1620,349
CMP0168,Engine,2.8593093792986033,90.85327088208822,108.5225075865719,4323,855
CMP0169,Hydraulic Cylinder,0.6068006682596432,63.6344886326591,209.24014683672291,630,325
CMP0170,Engine,2.445331005690887,95.67295709242919,259.64126000285677,3443,571
CMP0171,Gear,3.0141429053559263,66.32469068578827,227.12932741796234,1712,855
CMP0172,Engine,3.8156796551739207,67.82036177188566,114.48888579240702,3550,703
CMP0173,Engine,3.3839204857846243,69.4201886875045,134.88551879633133,2088,479
CMP0174,Gear,1.8643552721572132,43.77083992591972,144.6916641761564,3562,446
CMP0175,Engine,4.486490860460281,48.27320433682571,132.5727256261933,1937,68
CMP0176,Engine,2.0244683228664018,85.51251827926785,281.3130389945443,3958,402
CMP0177,Gear,0.4484090915473673,97.54171413778877,133.24561545516443,2780,126
CMP0178,Engine,4.526168601105021,61.97769904980167,209.97071099911275,2265,237
CMP0179,Gear,3.7003428861780017,44.20801307292208,163.54614509075236,3547,118
CMP0180,Hydraulic Cylinder,1.1695470576572442,94.74933229164347,195.15095763669711,3142,325
CMP0181,Hydraulic Cylinder,3.5561098648888327,89.83902837404113,149.90982626064874,4545,588
CMP0182,Engine,1.936061344795636,80.38136582730237,265.8012096572709,2425,873
CMP0183,Gear,1.5974726121832072,66.12178679777297,158.4989515812863,1681,257
CMP0184,Hydraulic Cylinder,0.22713078914460602,44.51034972463559,231.04258620191138,1568,830
CMP0185,Hydraulic Cylinder,2.1312031989065545,65.07279822062375,178.69179502704014,4720,409
CMP0186,Engine,4.9827558057660815,84.44549790959212,132.44892128229824,2628,941
CMP0187,Gear,0.6776108157135342,60.30881245363942,172.012742637485,1553,866
CMP0188,Engine,0.17831354639803446,67.05292933528533,103.02098610198355,4603,454
CMP0189,Hydraulic Cylinder,4.726007829136748,62.45211713089692,136.0711734280187,329,351
CMP0190,Engine,0.15982259759409803,72.17777717546264,260.2913460856261,2713,912
CMP0191,Gear,2.780640277759813,80.46002867504579,221.8035437160993,1872,125
CMP0192,Hydraulic Cylinder,0.42196353063124414,68.96728858224265,283.3851347549106,4067,264
CMP0193,Gear,1.118168759276014,78.2272619255607,270.1557067539918,2417,539
CMP0194,Hydraulic Cylinder,1.8423330792465644,71.60001600507968,191.56910501524362,3908,965
CMP0195,Hydraulic Cylinder,0.8243391647131401,82.48416525155977,190.39198342355962,2971,836
CMP0196,Gear,0.1451310168623725,77.93597304023406,102.46462813145905,348,508
CMP0197,Hydraulic Cylinder,3.9874298297846535,95.72432739479831,77.69564577299045,4534,383
CMP0198,Engine,3.6673236569227203,82.83327862634415,189.85758033355887,4317,593
CMP0199,Engine,3.3014526418697003,80.09187366602944,55.16491505693284,1008,180
CMP0200,Engine,4.158881867633422,95.93667076818697,123.82869930949084,430,750
CMP0201,Engine,0.5824129111484329,45.67168297004213,218.15794543612975,4269,615
CMP0202,Engine,2.8050265817533755,56.228792288493096,134.65522761390574,1622,620
CMP0203,Hydraulic Cylinder,1.3961855943114019,64.28282272798137,174.9377084410149,3844,532
CMP0204,Hydraulic Cylinder,2.8122765240366814,69.86223049893789,232.5504618956255,979,124
CMP0205,Hydraulic Cylinder,0.9054142106163878,77.37053336010894,201.3223699187866,971,519
CMP0206,Hydraulic Cylinder,0.9058771744060433,67.94336060964712,56.63665519804837,4431,522
CMP0207,Engine,3.036637071305412,68.02474790991945,51.50358995210989,237,342
CMP0208,Engine,1.0260900258039813,77.11545771841217,252.15479540110448,3494,617
CMP0209,Gear,1.7349154712000743,91.47766911042987,108.65592014937965,3949,945
CMP0210,Hydraulic Cylinder,3.665445073899368,43.58155986729839,232.44080922991108,2399,968
CMP0211,Gear,0.5205082880428831,45.89624614551536,183.0980855469391,2424,840
CMP0212,Hydraulic Cylinder,2.3388358209445017,72.95849196833672,224.45133721571304,15,522
CMP0213,Gear,4.542851499863393,51.19180265113576,266.2538273458889,654,482
CMP0214,Gear,2.3299889895872465,71.27094980089694,253.32150559649102,1220,397
CMP0215,Gear,3.7220289566976095,51.34621038546729,133.75091819750872,3412,204
CMP0216,Engine,0.19095902147487853,84.82175145711207,205.1972121755469,368,440
CMP0217,Hydraulic Cylinder,2.4762126716480837,67.89451025502191,139.987684283094,1162,247
CMP0218,Gear,0.1935506565556113,80.70586922351981,65.55607923175853,2181,834
CMP0219,Hydraulic Cylinder,3.1449664098014076,59.51781146315207,123.42111625067652,3967,152
CMP0220,Hydraulic Cylinder,2.6157755478983535,78.0431403313055,150.7972104067226,4233,277
CMP0221,Hydraulic Cylinder,4.883251288152602,92.75835252098165,256.73545441021423,837,154
CMP0222,Engine,3.361484448715561,69.44593265115834,162.66079569867242,3944,796
CMP0223,Engine,1.9129542900200944,83.72604866737308,254.02692827280066,4577,259
CMP0224,Engine,0.3775218588342185,63.62896194969703,136.6780211272552,3597,509
CMP0225,Engine,3.0773169763197816,76.61719576946192,84.47364955973286,2462,766
CMP0226,Engine,1.234831810224847,90.4780410608391,108.97809029209641,4201,751
CMP0227,Engine,0.8572606129460685,92.52820101693203,105.11397260007786,3445,992
CMP0228,Hydraulic Cylinder,0.9929921073998482,77.24278987474301,143.9975060329387,65,131
CMP0229,Gear,4.0517827289218715,46.21943341869149,149.07069623258116,3790,489
CMP0230,Gear,1.8627202751013427,62.941507609081505,229.62991726170478,825,476
CMP0231,Engine,3.983714007975982,77.59044770386286,220.78056205250064,2315,836
CMP0232,Engine,1.4278067379249726,84.03131811055769,112.62672911820417,1791,204
CMP0233,Gear,1.3646242895112388,90.96134983812351,170.06941661869956,1779,566
CMP0234,Gear,2.552322043394452,54.138270841353815,83.6099004684416,2922,79
CMP0235,Engine,1.6339461677184313,88.44942253033597,90.78945969310155,2064,870
CMP0236,Engine,3.144012923913045,55.085387915078705,276.06951488291895,1389,430
CMP0237,Hydraulic Cylinder,2.747409622604097,72.02169226674704,166.64102224186468,2172,686
CMP0238,Hydraulic Cylinder,3.5144013143265718,55.048183296132336,112.00776076244685,4500,890
CMP0239,Gear,3.2018267693298093,58.65917029624726,181.02161140799254,4480,653
CMP0240,Gear,3.161187160454502,50.25072554018407,274.3677435189273,4351,606
CMP0241,Hydraulic Cylinder,2.3747520468904715,57.55423025265753,178.5939251142644,1476,827
CMP0242,Gear,2.550349738757107,82.19222712311102,210.18477807017584,3081,440
CMP0243,Engine,3.7632982795607264,73.17161920574429,116.60405568496438,4119,497
CMP0244,Gear,1.2279328346363596,95.80977398353983,55.64710140048469,633,649
CMP0245,Gear,3.678523178892501,85.46808500790387,274.33807897175666,4167,278
CMP0246,Gear,2.473735733243042,72.24290825395954,244.78761970194176,3511,75
CMP0247,Hydraulic Cylinder,3.747390777134691,99.70932233105303,199.0892462694889,2837,967
CMP0248,Gear,2.230341647192605,90.47961102764641,84.54840988241462,4067,598
CMP0249,Engine,2.1728751944167763,83.34197836606455,113.08747948108353,385,270
CMP0250,Hydraulic Cylinder,1.4772882778208214,41.99900108116375,146.4150960676735,658,701
CMP0251,Gear,1.005508146683134,98.950610677062,232.78224022197722,1888,112
CMP0252,Engine,4.676099061531773,76.87529534361893,50.15507590126135,2454,101
CMP0253,Gear,2.630593018295067,64.11267861178322,119.07106539752029,1544,971
CMP0254,Hydraulic Cylinder,0.8514677359116631,66.98782008745019,297.137544456474,2999,261
CMP0255,Engine,4.872026206937955,61.69697203286383,266.41914963052176,3914,922
CMP0256,Hydraulic Cylinder,2.1421934920593575,62.33051779167965,68.18527922660317,3401,72
CMP0257,Hydraulic Cylinder,1.2432180904661856,50.035271207752075,203.72030619862062,2131,758
CMP0258,Engine,4.100061649761152,45.852382477736775,280.73761511152736,2639,53
CMP0259,Engine,4.217653145663665,65.94656275263523,96.84108537564674,1527,264
CMP0260,Engine,2.8899047195965664,76.49390377979901,242.08241109837022,558,814
CMP0261,Hydraulic Cylinder,4.630808799617137,84.29826580361912,290.9711225001205,1647,335
CMP0262,Engine,0.9875589970092797,55.7766882147298,252.8553744450126,3555,831
CMP0263,Engine,2.997277942707521,44.72055940716144,223.68121257365488,4031,318
CMP0264,Hydraulic Cylinder,1.6696893917893048,65.6792482357132,172.53980587148905,703,721
CMP0265,Gear,4.324653142502805,44.85863300259913,208.9285968607001,4881,263
CMP0266,Hydraulic Cylinder,3.392320740946154,85.29948444845638,273.8589007207862,2561,475
CMP0267,Engine,1.7814545683596383,75.89989732721196,252.51711366608367,3125,834
CMP0268,Hydraulic Cylinder,1.4628856136586987,94.9732372633003,289.6777438977431,1056,566
CMP0269,Engine,1.7887108436807646,60.633713653889664,69.84580876032821,2694,916
CMP0270,Hydraulic Cylinder,2.6083034316538867,87.34162014896188,117.24143921499298,3062,204
CMP0271,Engine,4.365638812643192,49.01951575122512,280.8855958418902,98,476
CMP0272,Engine,3.3018155351846366,90.4468674791024,248.79781897783877,2520,135
CMP0273,Engine,4.879234545544208,93.80820290533023,129.90062401670772,3634,920
CMP0274,Hydraulic Cylinder,2.396822847272499,63.14810661569753,170.56727375219478,1047,566
CMP0275,Gear,1.7084772744426608,58.690573867220195,65.24422474228577,3647,883
CMP0276,Hydraulic Cylinder,1.0518107619190298,59.45900239042281,229.11559450646845,550,719
CMP0277,Engine,2.707702579948742,48.399388472258956,281.97965656965675,4438,418
CMP0278,Engine,0.8853872321925663,99.36294793847998,206.229203016631,3877,92
CMP0279,Hydraulic Cylinder,1.365808326735941,79.21823693769733,194.37523117793643,3411,796
CMP0280,Gear,4.149242870905792,51.5259701193245,192.084099263886,2178,233
CMP0281,Gear,2.7396700006254386,54.05456070629515,65.02290665380818,4988,112
CMP0282,Hydraulic Cylinder,3.4472581886509532,44.40330772574393,296.16544194790606,1556,628
CMP0283,Gear,4.667359556932545,42.896759058827456,179.11252442755995,1610,982
CMP0284,Hydraulic Cylinder,0.6656293041411383,58.47680506236941,101.87363279792979,2968,562
CMP0285,Hydraulic Cylinder,2.9357134611039037,92.82468153521882,100.94982052419236,1909,390
CMP0286,Hydraulic Cylinder,1.346954259396303,49.35846120432275,113.06849822696564,4662,231
CMP0287,Engine,4.815956290128089,87.71097292043017,254.27726297776596,4717,739
CMP0288,Gear,3.936977866933387,84.44721691223009,213.77115029108577,413,919
CMP0289,Hydraulic Cylinder,0.7459681682294024,43.96921237578255,237.05787480891928,3043,451
CMP0290,Gear,4.197804329235482,43.77199403451252,261.3959821717984,750,55
CMP0291,Gear,0.4223786896228612,88.22112898561491,58.963031043709435,3687,258
CMP0292,Gear,0.8722269619003822,99.91689554922749,64.64243578739871,1230,392
CMP0293,Engine,3.8383154106934976,51.391907095521304,50.03326495944728,3825,103
CMP0294,Gear,2.156967906928912,71.24840759616416,291.33535725778825,2898,671
CMP0295,Hydraulic Cylinder,2.1230738925691885,40.636965979060655,246.42959170674908,3471,430
CMP0296,Engine,4.698589468843921,43.0346168124226,76.96550917914325,4281,819
CMP0297,Hydraulic Cylinder,4.245249011698821,42.02126926285318,145.82727950193566,3088,756
CMP0298,Hydraulic Cylinder,4.350009639434698,73.56556945042999,73.80512873790371,4237,447
CMP0299,Gear,3.3158085501234495,77.15911959090008,254.429437714405,1507,105
CMP0300,Hydraulic Cylinder,2.1131910832396,76.48886545522363,214.96611070240522,3588,282
CMP0301,Hydraulic Cylinder,2.8834106121637,40.956772241551214,195.92142461174325,2407,389
CMP0302,Hydraulic Cylinder,4.592971895255402,62.68398240469591,147.44463680582263,837,551
CMP0303,Gear,2.985107648724834,55.63396754481644,117.41199366824313,1058,974
CMP0304,Hydraulic Cylinder,4.122482319723207,81.20590838077769,190.40911073726505,2397,265
CMP0305,Engine,0.4608995348213306,60.88840288748949,170.6054051872515,2537,933
CMP0306,Gear,4.782694286784997,69.04204170492207,134.30321105233986,4912,64
CMP0307,Engine,4.910835630607216,78.57687090524126,158.3905189522316,4939,245
CMP0308,Hydraulic Cylinder,2.1479848673419095,64.99303507351814,248.37513036307365,3884,260
CMP0309,Gear,4.0911405762379225,64.98833567255434,249.80031377716173,2668,70
CMP0310,Hydraulic Cylinder,2.959635070700328,95.56641664858815,195.10624762297917,1576,445
CMP0311,Engine,1.0269995317666645,66.36545210080197,200.7431865980839,1196,777
CMP0312,Gear,3.733345968462121,53.112459002590356,255.9279054479194,135,105
CMP0313,Engine,2.819198752182525,91.01640346036791,222.31069546497395,336,510
CMP0314,Hydraulic Cylinder,0.1896967865175537,64.23691010339508,238.52561217886995,3162,426
CMP0315,Engine,0.6025797193873497,82.84274769623146,142.67111628584206,2509,806
CMP0316,Gear,4.55137855639027,45.372535073331434,50.2415638883971,1043,928
CMP0317,Engine,3.9183631756869484,76.68779379487403,205.73852033221368,2907,883
CMP0318,Engine,2.932673865315957,73.91413182190587,246.96702701248546,1159,404
CMP0319,Gear,3.805896551682978,94.97582920926463,67.18510947858987,2350,668
CMP0320,Engine,0.652163250453324,93.48012517435498,206.4569486983232,2072,330
CMP0321,Hydraulic Cylinder,2.935145564857908,40.7327464460289,186.11592659676407,1725,273
CMP0322,Hydraulic Cylinder,0.20002768754171144,75.60953821132787,114.96612935505073,829,243
CMP0323,Gear,2.0439773056203907,92.89780652004467,160.75402534431245,2948,974
CMP0324,Hydraulic Cylinder,3.8286648497370988,88.57093019186036,80.53736887281758,462,455
CMP0325,Engine,0.8384845940958671,87.70350598278168,205.96138554764494,4753,875
CMP0326,Hydraulic Cylinder,3.7690533498536767,50.82676528569184,282.14671753783614,418,788
CMP0327,Gear,2.490121228272293,84.40529440392712,223.95868767335506,622,496
CMP0328,Engine,2.4240021261212155,56.78145173256502,172.80709059228676,1621,736
CMP0329,Engine,3.2700172381707966,49.197532803089054,140.1648006604126,3338,55
CMP0330,Engine,1.4126155388751747,60.60269672562315,156.50021424076243,4622,644
CMP0331,Engine,3.0029218264346382,81.07294143672496,212.48224713542868,2366,210
CMP0332,Engine,3.664676195856447,44.5214532990114,80.86915419794866,4918,995
CMP0333,Engine,0.1753216599828317,43.812261272972755,114.29501832603135,1463,476
CMP0334,Gear,0.4596652644245155,57.825710541472205,68.52017870183178,4799,178
CMP0335,Engine,2.180563245031637,85.78763674820925,195.27811615801767,2815,269
CMP0336,Gear,0.35949594934483653,60.67180230086595,108.1860430297931,457,362
CMP0337,Engine,3.4996599752646267,87.57043601703316,166.98462976039622,2219,531
CMP0338,Hydraulic Cylinder,3.513577684073741,64.38196958145659,148.0585632028694,542,365
CMP0339,Engine,3.7717575107602093,44.49784898285054,262.3265045980901,3051,899
CMP0340,Gear,1.9363205723431038,57.974423026604484,156.19925520950449,3257,69
CMP0341,Gear,0.19554044399820714,55.11898291212928,184.63018619761328,2426,328
CMP0342,Gear,2.75553677585468,88.21325320535632,299.2442424996107,2970,125
CMP0343,Hydraulic Cylinder,3.8933808550471616,57.92378255420452,249.57544702781928,4187,506
CMP0344,Engine,0.48414131741489563,99.2204443502881,160.33588254785406,1157,403
CMP0345,Hydraulic Cylinder,2.9077328751086298,96.07506021466139,267.53704066420164,3569,791
CMP0346,Gear,4.484864168180375,97.31882986667001,103.93896374309995,3177,311
CMP0347,Hydraulic Cylinder,2.919221247999055,67.69099869744394,198.17773024808395,4661,99
CMP0348,Hydraulic Cylinder,1.7760901306233943,99.36051716123627,246.55449624938785,341,857
CMP0349,Engine,1.4904426181333248,45.659070583216256,270.2350697994579,3071,251
CMP0350,Engine,2.6139521079257317,94.72437277560286,111.02611134882963,432,326
CMP0351,Engine,4.105733648142353,47.61381675818171,111.7146151119259,1888,474
CMP0352,Engine,4.96439009186147,80.47521442083725,188.70550655036845,4595,741
CMP0353,Gear,4.827194086481362,85.90685705089115,58.55090563375532,3679,653
CMP0354,Hydraulic Cylinder,2.226962365347751,97.6104496304232,282.6893892065931,2007,80
CMP0355,Hydraulic Cylinder,0.8651655042296303,51.85986794915618,106.93541177475181,4247,293
CMP0356,Hydraulic Cylinder,1.8077644044817602,70.21137642958085,125.82214390211531,2917,178
CMP0357,Engine,0.8031849877940545,55.52679743850954,83.45282793989944,1648,640
CMP0358,Engine,3.3405431181386307,78.18685936444732,56.434798544718426,1749,615
CMP0359,Gear,2.701795427341484,44.59607361934503,294.22988543951317,292,979
CMP0360,Gear,0.4032943692205877,83.1523480345623,278.1491596792373,2495,851
CMP0361,Engine,1.5581442159813335,78.53720971540402,224.8968788558282,3712,819
CMP0362,Hydraulic Cylinder,2.155837056369377,75.69144128737383,225.5513959874907,3586,370
CMP0363,Engine,2.3187188424915877,82.37677676638828,79.26010003006175,1128,523
CMP0364,Hydraulic Cylinder,0.19533363454803948,42.4462030477641,95.21774429080321,2020,848
CMP0365,Hydraulic Cylinder,3.888978661879854,62.179249684729996,91.87292177077464,3405,175
CMP0366,Gear,4.874973906436773,48.99786849584416,246.15792697306114,2847,614
CMP0367,Engine,4.551131662298621,96.47803202860143,88.94283540526922,2088,354
CMP0368,Gear,0.8833826255961088,48.16471412541116,234.5545949122667,135,998
CMP0369,Engine,0.9489215259964467,45.375634058050984,282.6949314470443,2675,249
CMP0370,Engine,3.7608441148509635,69.32821944060949,256.3456111895593,1977,707
CMP0371,Engine,0.5831500219542496,50.03143082064896,165.84969836427632,1632,66
CMP0372,Hydraulic Cylinder,0.3650439247237357,95.52471779782871,96.74268775970606,569,390
CMP0373,Gear,4.857642223901536,90.93064532943859,268.8214578095824,2010,930
CMP0374,Engine,1.7943255558794682,53.05368033171489,150.17606269791673,713,446
CMP0375,Engine,1.0216873165337603,72.2339183157421,155.72024683701977,1750,729
CMP0376,Hydraulic Cylinder,4.6024274242720065,60.570336723552295,57.1205394519287,4671,564
CMP0377,Gear,3.5548493125038925,95.93015489992408,176.7053843340744,2952,248
CMP0378,Engine,3.3438286703825923,58.49104978335691,262.95547359221234,1446,138
CMP0379,Hydraulic Cylinder,2.1947812924065713,88.14097027471527,248.07794581283275,4784,921
CMP0380,Hydraulic Cylinder,0.6906655728711671,96.07576594190766,228.45752312316682,620,907
CMP0381,Engine,2.9282506545415457,48.76585579953493,226.9406493172628,3466,868
CMP0382,Engine,1.2798962124485287,97.24740564636622,125.42575060910583,3893,533
CMP0383,Engine,4.365155393542781,91.03592397152164,136.2851453112203,2243,304
CMP0384,Engine,3.1277218813029157,42.39334011145994,141.92891871706354,4418,573
CMP0385,Gear,4.235496166721694,87.57946806167939,257.72295983989034,1564,405
CMP0386,Engine,3.2757867646558667,71.50316884195968,193.14425781716506,1340,413
CMP0387,Hydraulic Cylinder,4.132329188861644,80.8552548138988,276.5308132965722,2566,472
CMP0388,Engine,1.3235658802189794,69.8199778456476,134.20824904719169,1483,729
CMP0389,Hydraulic Cylinder,0.3786021102777556,73.07467232174918,294.2916723996083,4912,478
CMP0390,Engine,0.6629870698152628,41.05778094115415,141.22971940766453,2713,978
CMP0391,Gear,1.2439149031985273,98.52842991200026,275.89315317591957,4940,282
CMP0392,Engine,2.300958860294254,50.120641612931436,199.63078866710782,4949,427
CMP0393,Hydraulic Cylinder,1.0449058045504753,60.25844629868888,297.5462035094072,169,510
CMP0394,Hydraulic Cylinder,3.5573477584664475,87.99076432108708,102.38538845911428,2959,909
CMP0395,Hydraulic Cylinder,2.5721053555450872,75.13879889846687,84.2493396315166,94,669
CMP0396,Engine,0.48391873967661037,56.40322637904357,222.19801336556984,4482,912
CMP0397,Engine,3.745968757916195,71.50536092488849,262.46651988902033,2808,814
CMP0398,Engine,4.2461500941785,74.23719009888048,293.67342756801884,2454,600
CMP0399,Hydraulic Cylinder,4.704941706109296,74.15070565029488,288.377192688877,859,302
CMP0400,Gear,3.3716671222553627,98.63976776791164,170.90909163321228,489,727
CMP0401,Engine,0.8832689383015694,81.07051526899221,209.16255228598703,4213,185
CMP0402,Gear,1.7878279789319405,67.36033055696275,198.8081793181567,4812,892
CMP0403,Gear,2.230491126803942,72.42576458502285,208.42531753798994,4073,715
CMP0404,Engine,0.49384157202364365,43.53929580674571,95.35951234631649,2010,632
CMP0405,Hydraulic Cylinder,3.102976030310377,40.350372561839706,236.58458407745735,3636,865
CMP0406,Engine,2.0026565496847972,68.78197692199086,277.17240459979996,1881,289
CMP0407,Gear,2.421418252597484,98.930733228465,277.03743976027636,3358,218
CMP0408,Hydraulic Cylinder,4.525096355117474,72.43975325959846,122.42271635030784,450,529
CMP0409,Engine,0.8587841061610206,58.89227010274971,87.13053311336955,1495,954
CMP0410,Hydraulic Cylinder,1.181938814056275,40.08855049103532,214.88806613346796,1877,807
CMP0411,Engine,4.0620466289351915,55.39737176275062,271.2594682342417,101,191
CMP0412,Gear,3.6143842106302038,65.36653983991187,66.66066014498483,3084,575
CMP0413,Engine,3.9836159731503105,90.79012350315584,232.83292122755222,4356,838
CMP0414,Gear,0.8070206667005163,50.99525381623144,148.648396021221,1467,881
CMP0415,Engine,4.518464396991588,69.23424025241614,244.66757322299426,626,632
CMP0416,Engine,1.033811667657517,87.26902391884342,269.6520627037215,4854,882
CMP0417,Hydraulic Cylinder,2.74907521475637,96.37580123118599,96.5804515159389,1994,614
CMP0418,Gear,3.5401698657489358,50.62530098078204,104.06119177004845,1955,672
CMP0419,Gear,2.9946010780512977,47.140998186647536,165.87845502524365,3640,870
CMP0420,Hydraulic Cylinder,1.6309451143318543,96.61250240942212,50.90293448591392,3618,64
CMP0421,Hydraulic Cylinder,4.567318296591101,43.81899554024696,147.3056014042265,3256,914
CMP0422,Engine,0.8697762161301259,80.18598566251511,220.73429176119436,316,201
CMP0423,Gear,0.7068116604068247,92.25561170726697,52.85840454763272,2045,391
CMP0424,Engine,1.132262707788031,99.48940289330503,225.00600358667106,2495,925
CMP0425,Engine,1.332144837569378,87.14221149296291,255.18735489414777,2629,705
CMP0426,Engine,4.382837177407877,57.68869095661083,257.61337029302166,1318,749
CMP0427,Gear,4.045173440649696,56.274326148494296,191.9762734599825,472,295
CMP0428,Hydraulic Cylinder,4.689397571497312,60.662243984280465,244.32286680321778,521,845
CMP0429,Gear,0.31609057211463015,66.18413226669318,66.64362736724013,3361,514
CMP0430,Gear,0.9588917868793595,47.7234831783739,277.02862101496015,4354,160
CMP0431,Engine,2.6278307177293465,90.00206059716653,178.91251208426516,4854,628
CMP0432,Engine,2.864882135445118,46.560445399600965,138.11218999848404,1067,815
CMP0433,Engine,3.135582703134707,45.40870780255496,193.38221415463957,3582,223
CMP0434,Engine,3.6438218269042104,41.65497806312389,82.97530026322873,3107,662
CMP0435,Hydraulic Cylinder,3.453226713363656,79.1512330784614,276.95472782087234,4321,327
CMP0436,Gear,2.70442174117561,54.930065283865034,289.52938268314284,1993,678
CMP0437,Hydraulic Cylinder,1.554378658457079,94.77673488150768,289.99774098135197,3641,827
CMP0438,Gear,2.2493623403697147,92.80154508575896,275.48345111694573,4572,640
CMP0439,Gear,1.3790389792596713,81.84479806169702,123.15694797997446,1126,326
CMP0440,Engine,0.12633366503983398,64.93138656028653,173.79718239672403,484,817
CMP0441,Hydraulic Cylinder,0.6699065228776845,89.46927551282107,221.39404794072217,3309,285
CMP0442,Engine,4.0029224882143435,65.34481969143583,291.0672694641863,4836,992
CMP0443,Engine,1.281095879977543,85.98852351541768,287.13749133032434,3874,696
CMP0444,Gear,1.0245824442942895,70.39806425429606,188.76923047011357,3499,313
CMP0445,Hydraulic Cylinder,2.1987565412394905,66.93882790480473,199.10147441823628,1827,266
CMP0446,Hydraulic Cylinder,4.652216006353047,90.35360864878578,251.3739767122065,3831,483
CMP0447,Gear,2.4152888788845104,56.5324052847855,127.4228062792687,27,345
CMP0448,Gear,3.2203984437027833,66.40501639712281,290.39035524896065,3850,400
CMP0449,Hydraulic Cylinder,3.1764382648868437,89.22106605227009,261.64459560567593,2791,491
CMP0450,Engine,3.22428325781767,97.22365940004664,121.3938877127091,4080,339
CMP0451,Hydraulic Cylinder,2.111803647122637,49.87436806188383,197.4324341327047,761,94
CMP0452,Hydraulic Cylinder,3.9459749077497297,86.71190975132023,58.78168551878578,1231,125
CMP0453,Hydraulic Cylinder,0.9309611379117547,42.71187662603296,66.05974758852594,2517,294
CMP0454,Gear,4.451379557501042,82.91600224882485,124.64634611811063,2890,911
CMP0455,Hydraulic Cylinder,3.7360665959593353,71.05888818848118,168.3055501290017,3747,560
CMP0456,Engine,4.987217664338302,61.133074569288866,162.44727145802807,1108,100
CMP0457,Hydraulic Cylinder,3.3311047689598463,95.13108533300544,148.9034799340343,1956,419
CMP0458,Hydraulic Cylinder,4.656448263863186,49.03579641347187,54.20229020581314,1139,989
CMP0459,Engine,3.7482238380735566,69.9807938627691,295.45052642266063,146,842
CMP0460,Engine,2.40296681641925,49.68882943903297,241.5559491931808,130,226
CMP0461,Engine,2.4760782924110543,80.41821712186112,243.74805094500533,3297,696
CMP0462,Gear,2.276137138783314,74.48115394265557,237.53160449329891,4686,328
CMP0463,Engine,3.6017292666507137,99.7896577103289,97.14752941893275,811,145
CMP0464,Hydraulic Cylinder,2.5356596830503393,87.78270001650968,134.88496224929912,1597,771
CMP0465,Gear,3.8220704347244556,80.13474822336448,213.68563520909916,252,363
CMP0466,Engine,4.515123279522983,89.99241739939568,260.81950139972173,3789,104
CMP0467,Gear,1.1010155445481076,90.4154096144863,103.01537547057498,2649,288
CMP0468,Gear,0.4789046817581314,99.55382881059016,120.75353856986818,1077,623
CMP0469,Engine,1.4952034973820651,47.25164435757134,180.00372488829274,3501,628
CMP0470,Gear,2.6303052807836798,56.520113558883054,94.0816571038708,4152,860
CMP0471,Gear,4.984275585148994,66.79372569369215,198.46465527121916,70,99
CMP0472,Engine,3.924012006294402,81.75768238065308,166.94519344270216,4276,389
CMP0473,Engine,2.443299424592586,82.227955872379,156.14198692302,4022,693
CMP0474,Hydraulic Cylinder,2.6538682207486413,68.69220642410303,138.96725022673044,4221,465
CMP0475,Hydraulic Cylinder,1.2358399907367523,40.60162057926035,212.15682988227428,89,189
CMP0476,Gear,0.9418435299154868,44.11530487312503,96.40784726330743,3177,173
CMP0477,Gear,0.35619188280102476,89.74018289081215,151.7691128476361,1852,295
CMP0478,Hydraulic Cylinder,1.0785738836323522,55.03974494691278,293.0392840179388,4105,469
CMP0479,Gear,3.870220665458219,87.86600028497267,297.5660050863944,1172,597
CMP0480,Hydraulic Cylinder,2.8442544367293188,56.330770176210194,216.3857202511005,2917,548
CMP0481,Gear,2.9517464470291452,49.926070748863935,177.53747686779357,4469,426
CMP0482,Engine,1.5812530957578474,58.67398065163805,141.50314119332165,2346,118
CMP0483,Gear,4.212595359665502,73.72626345818921,167.16830207664555,955,168
CMP0484,Hydraulic Cylinder,4.658798108914241,56.21822450730375,224.72867179870678,2887,345
CMP0485,Engine,2.860005609308086,46.41739231604038,226.64389386317166,1466,839
CMP0486,Hydraulic Cylinder,4.114392658819148,47.55016749272792,150.68070894341292,3145,816
CMP0487,Gear,3.1577399366390915,91.54925722275188,59.24113845527588,972,307
CMP0488,Gear,1.252838834405965,59.33968962605948,85.98199006695191,2820,982
CMP0489,Gear,2.8363780344422387,67.63504388898728,250.37688670447181,1502,84
CMP0490,Engine,3.113785223769324,89.88520334540686,210.56620556188392,940,535
CMP0491,Gear,1.1179270420034169,67.10519564974673,198.24210643198634,2476,852
CMP0492,Hydraulic Cylinder,3.1883360663099776,74.31435990137047,239.6656279918478,1326,303
CMP0493,Engine,1.1379154737603412,80.06453725651906,118.75578736777594,2256,134
CMP0494,Engine,2.837515148009325,49.16725498510645,158.73699974641426,684,745
CMP0495,Hydraulic Cylinder,2.256516095678996,60.575115933720774,151.7411252892669,1044,530
CMP0496,Gear,4.272610237315384,56.14291751201017,61.16747789202566,3555,265
CMP0497,Hydraulic Cylinder,1.9633191273015904,98.3518631952041,197.96061991384886,2488,94
CMP0498,Engine,3.0770019478595287,48.52101652965493,126.79914852641132,811,932
CMP0499,Hydraulic Cylinder,0.8140357205073935,53.57950552046475,248.59175454858882,98,832
CMP0500,Gear,4.26783112592421,58.624841755402386,65.24533870982877,456,786
CMP0501,Engine,4.503541019802243,98.92243803873797,158.38188425705926,1349,835
CMP0502,Engine,1.6781976162371937,84.69172477218547,182.6903117609845,1342,520
CMP0503,Hydraulic Cylinder,2.3051881201235624,82.92510959784781,129.7807437874998,4816,763
CMP0504,Engine,2.0685823028569943,50.93812885133492,86.04493950226635,2397,424
CMP0505,Hydraulic Cylinder,3.383033615575722,57.274453199104926,97.57921476258132,4615,668
CMP0506,Gear,2.748464443626083,85.02454408871765,281.3095483451725,4980,558
CMP0507,Hydraulic Cylinder,4.784678854755677,82.47778323896466,231.77461087577058,2402,433
CMP0508,Engine,4.92859942235385,59.33799963195776,270.97530030955323,4669,508
CMP0509,Gear,4.032625001661156,90.09028128552121,134.55040766508836,1133,799
CMP0510,Gear,2.0099176203698015,60.553205221073625,292.92971881877065,3747,487
CMP0511,Engine,1.8484507171831168,70.9636468141828,116.10725369934009,2843,627
CMP0512,Hydraulic Cylinder,0.6427318196125918,74.92908721062042,80.85250429491416,3107,306
CMP0513,Hydraulic Cylinder,2.788076524403128,62.82599194799684,164.44779336562777,3724,188
CMP0514,Gear,0.6111223268524645,67.38267055280413,203.69218348847642,498,867
CMP0515,Engine,2.4108015057943355,76.28724668023875,279.86686334347326,462,164
CMP0516,Hydraulic Cylinder,3.654959760882849,72.90528351618539,228.56837487249732,3911,698
CMP0517,Hydraulic Cylinder,2.8791720878512534,89.14609609274649,267.58261615917786,2590,781
CMP0518,Gear,1.590384500941288,91.32483748840112,277.6563551134306,3015,88
CMP0519,Engine,2.0041469991097762,90.02390242192047,123.1723757408991,993,962
CMP0520,Gear,0.37242557286101674,89.1884621154858,53.83860055927978,2625,953
CMP0521,Gear,2.539630351005618,75.4721442345744,206.42052729070855,3534,428
CMP0522,Gear,0.41181778555575,48.17875444574021,114.8437151619492,2678,408
CMP0523,Hydraulic Cylinder,3.4949382896668713,43.73633089876234,217.00751727468958,445,388
CMP0524,Hydraulic Cylinder,1.258137937524591,41.588127682459984,288.2055854410904,179,926
CMP0525,Engine,2.9117516170327304,71.3697322889414,170.925120358071,4989,518
CMP0526,Engine,0.2884543220708165,84.27770988060652,128.6387746049581,3590,328
CMP0527,Hydraulic Cylinder,1.2386560079523825,71.45832584030512,274.47234312228136,966,367
CMP0528,Gear,3.965457729468814,59.99853945761612,214.44743576693065,3489,191
CMP0529,Hydraulic Cylinder,3.1711716701698593,50.35865085024547,118.40794805359246,2068,235
CMP0530,Engine,0.1662221601550291,83.07556025850872,268.7710348814012,3240,403
CMP0531,Engine,1.152136432977691,78.31492606166788,139.2062003995887,1950,646
CMP0532,Engine,1.0312723261163512,58.100967090054965,223.39920202199784,4988,490
CMP0533,Gear,3.612665088016141,98.17415125021623,286.0934631444453,2176,817
CMP0534,Gear,1.1908573841676497,58.834244503441795,215.69025931509483,4519,377
CMP0535,Gear,4.71160146058818,55.45499151803977,229.83058628932298,4616,661
CMP0536,Hydraulic Cylinder,1.7406620420183105,75.09025549193177,199.71315261926986,4124,408
CMP0537,Hydraulic Cylinder,2.0222860202591795,78.01609322565007,192.25773261259457,3941,690
CMP0538,Gear,4.168650547416198,81.25697337579722,81.40213096800557,2455,322
CMP0539,Engine,2.4943011952764045,93.9347098250173,164.75136300863096,1040,220
CMP0540,Engine,3.660392964390958,60.80349364075421,70.65302207371971,1060,895
CMP0541,Gear,3.1434726053503947,42.418434190972135,157.64950944936686,1793,823
CMP0542,Engine,0.5922229536176313,43.71393337812205,170.02054340085715,1995,405
CMP0543,Hydraulic Cylinder,4.642436342187146,67.04924575709515,113.8238141698832,4710,180
CMP0544,Gear,3.513533275224473,41.66516506318588,224.7521215936895,4681,561
CMP0545,Gear,0.3547142692454536,72.77790686867985,98.39622838702806,2342,817
CMP0546,Gear,4.825358449630948,67.63534656290223,162.49059650845834,2623,459
CMP0547,Hydraulic Cylinder,0.20382761701156948,83.86674516529575,283.8282141293928,4772,478
CMP0548,Hydraulic Cylinder,1.7363646590950905,79.61236582287557,100.65936504254944,3533,721
CMP0549,Gear,2.6331695094825815,64.28261474799444,102.08776086444925,4801,578
CMP0550,Hydraulic Cylinder,1.2421945268188683,99.36148668624702,175.56925647528976,4672,524
CMP0551,Engine,3.2240447933040275,82.90209927565084,57.26567367166645,2226,436
CMP0552,Gear,3.5147072510594524,65.33527713881614,227.50240613763359,2463,146
CMP0553,Gear,4.234842142132746,99.83043976743085,63.434967610643696,1529,945
CMP0554,Hydraulic Cylinder,1.5284881013795346,89.3272327377159,246.65713389160598,4188,464
CMP0555,Engine,2.779782759404072,96.78085725166125,274.0734118372196,2139,271
CMP0556,Engine,4.060629693491044,53.28117592967017,123.05264699646446,2896,262
CMP0557,Gear,4.152108097135848,53.27804975640019,58.6371547815437,4878,943
CMP0558,Gear,3.0830835089455944,54.277995951828345,263.2388414828134,2333,680
CMP0559,Engine,1.4272548082359937,56.3122926230713,222.46431059514458,4878,230
CMP0560,Engine,0.41244784632410747,96.56612836406443,218.23050344665185,2429,102
CMP0561,Hydraulic Cylinder,2.0443026099623602,40.37116387479662,262.9751174963203,3832,604
CMP0562,Hydraulic Cylinder,0.794744011425628,80.1648239367839,218.8532011460188,3605,530
CMP0563,Engine,3.436946029538561,40.969622460953616,158.59134535005006,3067,103
CMP0564,Gear,4.370979182143076,55.03974646637949,287.37402476769955,1930,654
CMP0565,Hydraulic Cylinder,0.5465850994676372,60.75071599754698,216.11242839633138,4512,575
CMP0566,Engine,1.1577025044328333,80.31677555452137,155.693296231901,1081,890
CMP0567,Hydraulic Cylinder,0.24778805460604775,90.00977947562471,190.93650606284854,881,206
CMP0568,Engine,0.6745060727463813,85.69767206347464,235.039841029221,2322,852
CMP0569,Engine,4.413813137705094,98.27614917065385,214.38836230567887,3982,679
CMP0570,Gear,2.31189773642364,68.73048199548455,122.18314640203336,175,762
CMP0571,Hydraulic Cylinder,1.4749382418226662,71.08432317278452,55.4033027337671,1706,358
CMP0572,Engine,3.781484089821088,49.86719045144562,195.29985498022697,4240,55
CMP0573,Engine,4.9860394430525,72.90000732257647,239.30935123448094,2805,966
CMP0574,Engine,4.578819865502894,97.74282578989445,114.39300215371848,1981,397
CMP0575,Hydraulic Cylinder,2.2909159955568468,54.99331647547328,234.52508254983988,3031,378
CMP0576,Hydraulic Cylinder,0.7946992287882992,68.92008990385955,170.62325745557098,719,342
CMP0577,Engine,3.403414444235231,78.66709194259867,283.91866775879026,478,620
CMP0578,Hydraulic Cylinder,2.1327091281334956,93.30005374665458,128.0516211487021,899,347
CMP0579,Hydraulic Cylinder,0.7476738946815743,65.06755182974447,207.34269053336558,1462,251
CMP0580,Hydraulic Cylinder,1.6003455505454613,70.38129441685813,74.00437296473679,3449,349
CMP0581,Hydraulic Cylinder,3.43344474702389,54.96700360052482,151.51895430006766,1823,587
CMP0582,Gear,3.9599521221509093,51.08323284736238,114.7902961697327,1692,302
CMP0583,Gear,0.47902210775625675,86.97060279127504,205.31081597530272,4491,928
CMP0584,Hydraulic Cylinder,2.477517826017815,70.6503963599601,71.44473472775007,1289,757
CMP0585,Gear,1.823398278732204,68.46354459410378,234.1763165071971,783,351
CMP0586,Gear,4.9504228638477725,98.17155043088869,126.92568510492015,667,721
CMP0587,Engine,4.196719921319819,97.95839391782526,289.1505998388165,4690,324
CMP0588,Hydraulic Cylinder,1.1856801800641634,65.31828816663335,181.9780772107218,211,178
CMP0589,Gear,1.9931036044928485,91.11803036833045,277.0434735435533,4018,488
CMP0590,Engine,0.3111331280780333,99.19352001320917,172.40913911842028,4609,914
CMP0591,Gear,1.6086170657655998,68.3655073859928,171.0359312553235,4626,514
CMP0592,Hydraulic Cylinder,1.9449767472659898,80.9886756026849,110.1749194399955,3996,291
CMP0593,Engine,3.3398131446726445,93.97381224903161,150.51692331641377,3333,832
CMP0594,Engine,0.4013560682113675,79.40712159050625,206.32428126566404,4336,670
CMP0595,Engine,1.1876006131210775,73.59417241403392,82.63404298753994,4286,325
CMP0596,Gear,1.2148306213793807,68.87030188209685,119.50467160167695,4772,294
CMP0597,Hydraulic Cylinder,3.447927375435647,41.351806208052345,293.7317167017486,3593,631
CMP0598,Hydraulic Cylinder,2.1590699248215617,94.01024671684665,148.6355757023453,2070,220
CMP0599,Hydraulic Cylinder,3.3761324635988483,77.54599284488917,245.90974087358717,2258,99
CMP0600,Gear,1.0574165987725195,44.99406859970267,264.5205713737157,2560,761
CMP0601,Engine,1.2882476135159742,63.38157978625209,87.79238303467517,243,610
CMP0602,Engine,1.1063546460809635,88.01935431542017,146.05203170859352,2007,738
CMP0603,Engine,3.617430421116719,57.573065848054554,62.677357090994796,1135,942
CMP0604,Engine,1.416193416874883,99.76819000555051,223.0447771621931,2471,826
CMP0605,Hydraulic Cylinder,4.694352166771458,44.98599092269828,265.78211480664413,552,964
CMP0606,Engine,3.093301812253834,73.01223521851634,77.85192348629126,2319,51
CMP0607,Hydraulic Cylinder,4.373530616356224,52.316885797660724,75.67003391014033,4525,318
CMP0608,Hydraulic Cylinder,0.2242689090569411,96.82983680575987,279.45713496202404,4080,846
CMP0609,Engine,0.42625230858662755,41.52689839024769,205.677218247009,3906,895
CMP0610,Hydraulic Cylinder,2.1155254007558826,97.82161496080386,157.82789280184068,386,57
CMP0611,Engine,1.3870915426546586,97.33911479219073,143.23459181632865,170,343
CMP0612,Gear,1.848452541249199,96.37733687155131,275.15345793870836,904,66
CMP0613,Hydraulic Cylinder,1.0430462906518159,63.56840987497777,194.4189698875321,1435,603
CMP0614,Engine,3.0727786589632027,49.545681435636766,78.37183355268638,3867,72
CMP0615,Hydraulic Cylinder,3.2209347575668064,83.49238819952859,190.4694267764714,4840,644
CMP0616,Hydraulic Cylinder,3.401041552741543,45.697380407232274,244.2157522708093,2715,468
CMP0617,Hydraulic Cylinder,4.037763333681248,43.9996737751179,123.91726783124642,2066,957
CMP0618,Hydraulic Cylinder,3.5947936975909767,91.3690703277737,113.42745324704907,1306,580
CMP0619,Hydraulic Cylinder,0.682166270958976,81.98630727154887,118.96546670124803,3819,538
CMP0620,Hydraulic Cylinder,1.4110528666539837,89.7775155311258,189.94671420180353,3585,112
CMP0621,Gear,2.7107962483297046,64.15716129890409,181.60076434172566,719,319
CMP0622,Gear,1.8178157136945559,63.173980820508284,243.0193752762455,1215,94
CMP0623,Hydraulic Cylinder,2.3866919606829673,93.20468118484172,111.22117497237033,2897,653
CMP0624,Engine,2.122144154147254,94.6095290618654,135.0917770004279,1624,553
CMP0625,Engine,4.834447279349039,51.62889257409188,265.3792267458829,4524,678
CMP0626,Hydraulic Cylinder,1.9443487386413143,79.68265007014455,148.02861766480254,962,130
CMP0627,Gear,0.3923022291646818,47.42212547492057,104.83117874006052,3164,705
CMP0628,Engine,0.1196081506129871,41.341022707217,253.0031797169717,2200,53
CMP0629,Engine,2.8621635656038866,46.96571672528453,102.86453654253131,1952,90
CMP0630,Gear,2.175960027618856,49.40063841275935,287.89194998379924,1953,689
CMP0631,Gear,2.1732530142904802,79.63819414866242,165.39116472716663,2784,247
CMP0632,Engine,1.0472630946010921,65.94960387659546,177.25040957076462,3086,493
CMP0633,Hydraulic Cylinder,1.3524934498516676,43.288310952618296,126.68594167290546,4146,856
CMP0634,Engine,4.335071526113799,40.18011771591007,188.75369663121367,2988,756
CMP0635,Hydraulic Cylinder,0.45434926510857365,59.68249607071042,92.78838185732857,1495,789
CMP0636,Engine,4.928398550068575,48.02421384455371,104.34601369527095,866,900
CMP0637,Engine,4.305840807333941,75.88803241294862,151.59170436076022,2119,456
CMP0638,Hydraulic Cylinder,4.342433277004245,61.72603974873343,124.28464020854989,1424,711
CMP0639,Engine,0.11493090962189298,42.95547036114873,115.74083149378588,2856,137
CMP0640,Gear,3.8204097022076775,53.57296446558385,71.70075689533805,1545,869
CMP0641,Hydraulic Cylinder,2.056941777614377,40.546820872468324,200.52465558023877,4878,739
CMP0642,Engine,3.1529504130115513,83.85897010204712,232.68818561152375,633,386
CMP0643,Gear,4.8943841589715555,80.35661684833394,162.75536588136848,4157,775
CMP0644,Hydraulic Cylinder,1.718000669184681,74.13039649684919,52.8926044178422,2315,150
CMP0645,Hydraulic Cylinder,1.926912347853386,61.59512709256306,130.00663318668592,3619,932
CMP0646,Engine,3.632633936251275,50.50857498901274,221.11378026909017,2788,819
CMP0647,Hydraulic Cylinder,0.7535392771657555,97.38854378963148,80.8624532883267,1492,143
CMP0648,Engine,2.4354207912606336,55.26333865027625,185.66586925256624,4206,59
CMP0649,Engine,4.819364383474669,63.82942495219121,172.6440899101333,567,451
CMP0650,Engine,2.179280315932066,50.89512087658754,268.85221774721333,3418,678
CMP0651,Hydraulic Cylinder,1.6080257289209823,55.79189819028631,293.52910038893253,1665,404
CMP0652,Hydraulic Cylinder,1.0094310082428726,60.39123301345968,219.35120169997268,2877,708
CMP0653,Hydraulic Cylinder,3.4734008982207847,52.11856924706426,81.28745551723244,3927,505
CMP0654,Gear,2.0928087976493557,83.13373852500605,85.77087638408597,4893,713
CMP0655,Gear,3.2049085850692087,87.92597764074996,182.55288593458067,4803,764
CMP0656,Engine,1.1293963729458874,84.67452630984404,88.58252419510924,4587,307
CMP0657,Gear,0.17014909486626725,87.42725342787108,138.82568950000663,3105,325
CMP0658,Engine,4.155832027516944,61.26473494298588,87.60225938497857,2091,441
CMP0659,Gear,2.5397225127537757,90.82223592390314,181.5878613132601,3501,730
CMP0660,Hydraulic Cylinder,3.0875100308805767,80.01831144704353,166.75062236556036,712,87
CMP0661,Engine,3.452124377790571,88.68599087206042,121.20278641997166,4059,750
CMP0662,Hydraulic Cylinder,0.30163390043295724,72.6287355464367,80.14735197602656,823,507
CMP0663,Hydraulic Cylinder,3.8368669612398887,71.50868331953771,182.0177408754269,3337,493
CMP0664,Hydraulic Cylinder,1.8291259109190499,47.92681416254794,277.8705883711561,303,78
CMP0665,Gear,4.880537280859625,55.79465601491748,281.131813870277,3826,634
CMP0666,Hydraulic Cylinder,3.806248904103496,78.23931753567324,51.739366732827236,1405,583
CMP0667,Engine,2.886969395882571,62.247221780492346,57.081186731948605,4027,824
CMP0668,Gear,2.7769591558657525,92.00379021443956,266.75628514386574,970,565
CMP0669,Hydraulic Cylinder,0.8109155054220016,70.56237723451517,113.05367561110523,1407,608
CMP0670,Gear,1.6236569357770227,65.2126022280908,227.4816187733697,4481,703
CMP0671,Engine,0.8157036405287237,82.09574078544722,78.34496058899039,3645,278
CMP0672,Hydraulic Cylinder,1.5679483076513812,98.00411176118737,291.1997738643242,2450,446
CMP0673,Engine,2.337348374245735,77.16648706061099,263.67859626205836,2585,365
CMP0674,Hydraulic Cylinder,3.502838048341659,59.9758682466898,232.84290475257774,167,764
CMP0675,Hydraulic Cylinder,2.790314721751519,41.470978321386674,183.70983775052608,3532,269
CMP0676,Engine,1.4918023408020045,83.61883719436423,210.9214864446071,2782,129
CMP0677,Hydraulic Cylinder,2.3962252270856483,98.99098995938638,236.63337079646354,364,502
CMP0678,Hydraulic Cylinder,4.8681842303518215,71.44363695478296,221.40947289163717,1540,731
CMP0679,Engine,4.654381158512718,82.51717055449123,174.16017649926448,3891,949
CMP0680,Hydraulic Cylinder,0.9567288473677803,74.72723300067321,278.371774096438,4689,97
CMP0681,Hydraulic Cylinder,0.32062639014529454,64.56183852752906,133.03324030999894,3690,836
CMP0682,Gear,4.577532278191732,78.52943612266678,80.13661779263593,2007,246
CMP0683,Engine,2.2906291350003123,57.15140122477502,177.34624428132486,4670,826
CMP0684,Engine,3.5850095958934816,85.28636996504689,110.46044109742091,3747,785
CMP0685,Engine,2.120972760198628,40.208319692515516,218.38292625226376,3619,428
CMP0686,Gear,3.1956555329940595,84.98133598985501,167.95405611336236,4746,205
CMP0687,Gear,3.5219711049729256,71.6850017042789,224.46750170945313,4369,233
CMP0688,Hydraulic Cylinder,1.4111473695736736,88.73055057000164,152.59351187023515,3177,853
CMP0689,Hydraulic Cylinder,3.0425040277209003,82.57616381995126,97.7527670402787,1262,902
CMP0690,Gear,4.5642949423050485,46.53208834242456,87.66929712433713,1632,784
CMP0691,Gear,2.0804096412131576,51.69506705995073,110.23209517698862,3920,651
CMP0692,Engine,2.962938896170825,70.53751717627398,203.57044059128617,1162,289
CMP0693,Engine,4.273319727793377,57.462552737130174,111.62806688764005,1721,472
CMP0694,Engine,3.474312267032117,58.848579350567455,175.0798789010023,1282,519
CMP0695,Hydraulic Cylinder,0.23239297503652606,83.43147848875944,179.25712800333255,1809,671
CMP0696,Engine,1.9925561774247271,85.50976146301996,177.78554196413978,660,322
CMP0697,Gear,4.7418493307050005,81.27402691994837,187.6389538962224,845,151
CMP0698,Engine,3.3220263768935574,56.710132228563545,288.1396178425757,1552,631
CMP0699,Hydraulic Cylinder,3.0495338514834267,72.37868718529673,79.60910204732365,1411,157
CMP0700,Hydraulic Cylinder,4.084321024198197,47.06470615985723,279.9882164685751,2585,485
CMP0701,Gear,2.3338938809780037,67.22287623923921,160.19620001000308,3602,182
CMP0702,Gear,3.356905700762769,69.59408557614134,206.06079317095052,4035,892
CMP0703,Gear,2.974329383177721,61.20257192113719,203.3264129172282,589,178
CMP0704,Engine,2.4795396789716926,47.199051691106305,155.03960827790604,4651,273
CMP0705,Engine,2.132007206555203,54.40817960970808,178.9520220914894,3974,669
CMP0706,Engine,3.7573299657821417,82.4077548713928,157.97156870322482,1692,412
CMP0707,Hydraulic Cylinder,3.4941156871238337,73.12202487679338,293.38763896070236,3808,797
CMP0708,Engine,1.7599765665318,75.7374133256595,193.1183382371326,4452,952
CMP0709,Engine,3.0951454676568817,74.18037994881274,252.780883484453,2804,183
CMP0710,Hydraulic Cylinder,4.323352507542795,95.36771335360847,292.9225920433508,48,920
CMP0711,Hydraulic Cylinder,1.7937355454566517,62.6728861867914,265.4031915728209,1831,431
CMP0712,Hydraulic Cylinder,2.1484879037724665,97.42156770047164,149.21417164978538,3823,334
CMP0713,Engine,2.00404925673115,41.562244269863356,96.5393503670197,4907,164
CMP0714,Hydraulic Cylinder,2.7070824141035414,92.38554256155726,80.02558048360893,4700,810
CMP0715,Gear,1.30035618981422,69.90157443728809,250.98817898324418,2338,246
CMP0716,Engine,2.900518690548858,75.15748540387578,109.27292994976268,2655,162
CMP0717,Hydraulic Cylinder,3.893529646686547,62.44445436960783,83.25146795465633,2378,111
CMP0718,Hydraulic Cylinder,4.48793968075144,71.93425714505508,258.2790837414937,1189,449
CMP0719,Gear,2.755909550466036,40.038901822253955,109.15301693799947,2027,542
CMP0720,Engine,2.2075044504346306,65.33103359016826,100.92604921731106,418,81
CMP0721,Hydraulic Cylinder,4.008671840908186,43.77094896004172,179.44971514658496,1181,294
CMP0722,Gear,2.968614154226742,78.4098376219686,183.14480067524727,3882,312
CMP0723,Engine,2.127689933361631,66.00931284555011,173.18871859888168,35,535
CMP0724,Hydraulic Cylinder,1.2647676244687382,46.13009951418004,218.19996459917888,2356,973
CMP0725,Gear,3.833164329650435,70.82551249394855,243.13842055252775,3831,557
CMP0726,Gear,2.2413108892162787,74.00452463496627,229.1978198961877,1485,594
CMP0727,Engine,3.751022388127707,94.12300587976398,206.72435870691126,4389,577
CMP0728,Gear,4.690201568503251,70.4505505515468,209.8228056179083,361,486
CMP0729,Engine,3.842004529790487,66.56961787233244,140.47230285149232,2204,379
CMP0730,Gear,2.5040437587208277,98.21443415563729,198.53393234723748,2405,745
CMP0731,Gear,1.0483176433105115,81.30698458176558,50.3752335641875,2501,561
CMP0732,Hydraulic Cylinder,4.536534760377893,69.11072001054907,55.91179428894198,1423,434
CMP0733,Hydraulic Cylinder,4.644299940597757,47.17639318978216,139.86949803269445,1694,938
CMP0734,Gear,1.7147714128899934,86.40050476480303,250.94642016061513,3248,889
CMP0735,Hydraulic Cylinder,1.37267022263619,72.18459323022853,138.70544635253128,608,136
CMP0736,Gear,1.5725935422679889,88.94474151851065,122.79312663520454,3687,215
CMP0737,Engine,0.5400191962245449,43.13692305872782,152.51459063769573,623,606
CMP0738,Hydraulic Cylinder,2.124597424811239,67.90903395746443,85.89311196808956,4629,836
CMP0739,Gear,0.4882616311453698,91.11693480909565,254.5719009811466,194,894
CMP0740,Gear,4.858920696708276,73.01645610138596,94.20051144552639,2668,128
CMP0741,Engine,2.2162540334058294,80.17301393634531,144.76363898255124,4379,661
CMP0742,Engine,3.5684673336054566,81.93307550513393,281.7327341593096,2410,578
CMP0743,Gear,0.49328249887258646,43.13169602567816,247.52027128217773,1924,990
CMP0744,Engine,1.847226214614835,82.02345194854271,130.3458752758155,3352,734
CMP0745,Gear,2.496922710390187,47.8107527765704,138.54203536310393,3282,680
CMP0746,Gear,3.99191006178883,97.04486086561863,140.76869526791143,3168,162
CMP0747,Hydraulic Cylinder,4.629989304281644,63.974472992048476,111.39660844619942,1336,170
CMP0748,Engine,4.643890405421786,47.076954099231784,290.5562116464796,943,721
CMP0749,Engine,3.6470075816010894,93.31792128156948,266.54079233094694,2900,569
CMP0750,Gear,1.3321334241658693,66.71637606819007,241.87810699662242,4923,903
CMP0751,Engine,1.2753897184571246,85.18965096664714,175.00183998214504,1510,980
CMP0752,Gear,2.353298686988387,99.7846673548998,237.55004828877063,2634,374
CMP0753,Engine,4.9355704107096114,40.44421566808,229.4065474934696,1783,927
CMP0754,Gear,3.7162894362180334,67.68207548833183,276.23592970795835,1105,373
CMP0755,Engine,2.187695766883634,83.62901627039815,206.45476727197143,2602,858
CMP0756,Hydraulic Cylinder,1.2943893008900167,75.64805931314844,228.22959110415434,4842,700
CMP0757,Hydraulic Cylinder,4.644931095197177,64.99217675302785,156.59323796462013,2805,498
CMP0758,Engine,4.956111945262968,96.03359136070947,270.9683038816134,1906,745
CMP0759,Engine,1.7749160130173052,42.165855594781924,139.69377215768924,1104,902
CMP0760,Engine,1.8391282821308879,78.03764732358971,290.95348801572453,568,548
CMP0761,Gear,1.4791466282910473,75.62545179897756,285.3522925099418,2758,248
CMP0762,Hydraulic Cylinder,2.3901438252080283,40.92501066367035,215.65133631201647,1427,559
CMP0763,Hydraulic Cylinder,3.5828463818439804,41.96761921967153,134.14254553547815,3689,933
CMP0764,Hydraulic Cylinder,3.230877020802236,70.82432303352553,274.11171611591044,664,470
CMP0765,Gear,1.5920207735550114,97.25683384739773,248.38744341932613,71,198
CMP0766,Engine,3.4992181393799426,63.41920877025579,296.1170045920659,3920,353
CMP0767,Hydraulic Cylinder,4.811872365428318,88.80121203031939,293.2310882938797,1688,852
CMP0768,Hydraulic Cylinder,2.3903459515831433,45.44439050763114,227.27857161767886,2262,529
CMP0769,Engine,0.7512284892198489,88.15645585741542,268.58408388755953,875,433
CMP0770,Hydraulic Cylinder,3.304584510492497,85.66660128239847,121.01403599887077,4020,466
CMP0771,Engine,4.730520084715422,76.41473247604544,171.98775191990296,3039,769
CMP0772,Gear,1.4420578343948605,89.3874102016151,190.18176195998052,3921,322
CMP0773,Hydraulic Cylinder,1.55223711099566,95.29781150772813,228.54223946337356,3059,359
CMP0774,Hydraulic Cylinder,1.106283264649303,87.37078591878439,284.4273561127635,3967,782
CMP0775,Gear,1.920082377629801,68.9599053326621,233.95702636445554,4134,772
CMP0776,Engine,1.4401489917733636,48.6391066526912,118.5320244253046,4127,126
CMP0777,Hydraulic Cylinder,3.5572909356713387,98.21929724793313,63.4253776694285,3540,101
CMP0778,Hydraulic Cylinder,4.697502544773189,44.23410573003196,192.01858115086696,3467,236
CMP0779,Hydraulic Cylinder,2.371400585368862,84.04405992684747,83.02501047945161,3605,670
CMP0780,Engine,2.654005659621096,81.23510655415534,219.3232458086092,1067,911
CMP0781,Hydraulic Cylinder,4.110559711681139,48.87785138615336,295.58598440078543,1007,189
CMP0782,Hydraulic Cylinder,2.722829105940376,40.32543809762778,204.76393710587223,450,465
CMP0783,Hydraulic Cylinder,3.802824608474907,45.0569691973008,259.02826430197314,4216,601
CMP0784,Engine,1.4786630047350635,72.97420008587567,86.24599067754355,2221,877
CMP0785,Engine,3.4496382117005853,69.5778693733817,183.1501838998118,637,473
CMP0786,Gear,1.8167491901002923,46.57849084637567,102.47987570884962,1386,436
CMP0787,Engine,4.313932576688376,73.7318402196986,240.7679460553541,4982,516
CMP0788,Hydraulic Cylinder,1.4011901728608853,45.0499180148109,243.44925556698382,3889,815
CMP0789,Gear,2.8666309439998523,56.433014014545435,90.45388032088476,4714,444
CMP0790,Engine,3.6209139461884985,58.46365448282114,221.99097792174615,4630,558
CMP0791,Engine,0.7185049421587497,71.4426890305701,178.84023810836158,960,659
CMP0792,Hydraulic Cylinder,2.874723877487319,95.18610585364128,60.271849183969536,834,537
CMP0793,Gear,1.7643112848809808,98.03736150989668,77.94592445044644,3953,778
CMP0794,Gear,3.2698000342783966,64.07704755400562,208.48911304820368,4176,197
CMP0795,Hydraulic Cylinder,4.424713083957049,86.73910401454083,151.08371517640575,1745,109
CMP0796,Hydraulic Cylinder,1.7152918027682589,70.70580035710066,216.3320084232148,4011,524
CMP0797,Hydraulic Cylinder,1.2978486157016627,84.52264938716353,171.03660474333932,532,840
CMP0798,Engine,3.5167084090173857,69.92154402359188,115.95539024169878,1516,134
CMP0799,Engine,0.4855237995205103,68.2581983187062,66.09179042286243,4485,853
CMP0800,Gear,3.4454774106845387,96.56896287396839,279.30831241352035,3384,564
CMP0801,Engine,3.2524740521411384,63.10641715989827,123.06069681023797,137,943
CMP0802,Gear,4.652735954260611,53.14236778854838,249.001068946122,3798,367
CMP0803,Hydraulic Cylinder,1.0780313739540694,82.52093901165907,110.32899476801273,1704,735
CMP0804,Engine,0.966362648613682,85.98731647123037,170.42582317869338,1542,123
CMP0805,Gear,4.542144873312021,51.082599147430166,208.75654569439865,1219,448
CMP0806,Hydraulic Cylinder,4.8910256101646095,62.27969033288165,61.66827242859378,576,422
CMP0807,Gear,0.7040818706599671,49.89471139663058,86.46515163358077,1257,746
CMP0808,Engine,1.8129222521863906,62.90533006006585,52.88185291803822,1800,890
CMP0809,Gear,4.253284756774252,60.88546922051269,176.6903360342167,993,109
CMP0810,Hydraulic Cylinder,1.7562714311324283,83.50747694752633,68.97825815673824,1190,916
CMP0811,Engine,1.9697448789008498,44.732160129556725,290.4136159800622,3574,606
CMP0812,Gear,1.7798141194893635,59.3395010632613,213.8609959736287,4053,159
CMP0813,Engine,4.627032160028753,59.08348538604481,130.51195679210323,3654,785
CMP0814,Gear,2.2285354575860072,46.71355350817896,245.9247485706388,2677,657
CMP0815,Gear,1.9738304345998594,93.4804970931174,231.68024155537853,3592,230
CMP0816,Gear,1.5908969600848692,64.76154912595103,253.0480999999487,3601,723
CMP0817,Hydraulic Cylinder,2.0930439191347108,93.15978037762451,267.03408447264854,2925,431
CMP0818,Engine,4.586402549947348,88.68302607245785,143.76517954351215,1290,589
CMP0819,Hydraulic Cylinder,4.522186356419609,82.1946573484156,247.90094268387628,4837,385
CMP0820,Gear,2.4625018612310496,45.06062081452559,217.31472644757764,1205,652
CMP0821,Gear,1.958975031988126,53.07142037083794,293.42756927239066,2927,783
CMP0822,Engine,1.7597416380749957,60.31864517890082,160.96816954540404,31,658
CMP0823,Gear,2.330875727972847,50.008509398648535,236.7444520532903,25,745
CMP0824,Hydraulic Cylinder,2.358363019646216,41.91937079478934,78.10709511472598,2521,624
CMP0825,Hydraulic Cylinder,4.628041339987055,50.7951142251383,291.13744082456105,103,553
CMP0826,Hydraulic Cylinder,0.7672233289248248,83.20799173235035,235.97405250647452,3700,312
CMP0827,Engine,1.4502832329752982,56.43088968077194,189.23237896017318,3672,126
CMP0828,Gear,2.960796633727116,87.51373999557589,68.02359132266048,978,806
CMP0829,Gear,4.094323654360016,86.8203631874407,229.15418821840814,3822,74
CMP0830,Gear,3.3063659584483585,59.58651595798298,266.39334258483944,4755,688
CMP0831,Gear,0.5669034408681782,92.67160440748151,106.4553387420913,3245,96
CMP0832,Gear,4.88396594556043,54.111757158376,269.67304621175276,2594,55
CMP0833,Engine,2.890481676678568,98.11008034344357,144.90324221579624,3188,417
CMP0834,Engine,3.129022516141999,65.24643886570132,91.0547333799972,1820,55
CMP0835,Gear,3.809269208846806,50.61336825528704,154.3079271591196,3448,820
CMP0836,Hydraulic Cylinder,3.585016291652875,86.37414575885273,258.6800382532389,2908,180
CMP0837,Hydraulic Cylinder,0.9797489434503596,85.37683454201914,229.96381161475634,720,488
CMP0838,Engine,0.7025612406543164,72.75444099800819,170.3522496346573,2015,826
CMP0839,Engine,2.2486080719198345,92.95507852395065,157.00529710484335,2294,146
CMP0840,Gear,4.4510234386694725,62.89592809470926,63.90674517312365,445,217
CMP0841,Hydraulic Cylinder,1.1389952409877189,79.44730796088683,271.7650346935069,4298,622
CMP0842,Engine,3.680502352159694,69.63425549969249,230.7560707455986,1480,980
CMP0843,Gear,4.339464897457916,71.50436188702894,202.2260072214317,3264,572
CMP0844,Gear,4.929105031350751,46.929517722151495,192.4620152212326,1773,887
CMP0845,Engine,4.649775818203349,57.162884864308026,239.21290249742734,3432,560
CMP0846,Engine,2.5928255132149145,54.12129676747766,243.18584214077453,4317,528
CMP0847,Engine,1.7356833111324375,45.14400699607095,84.6215646332759,787,734
CMP0848,Engine,2.4983233840994945,54.22061407937053,51.41606114910331,3401,569
CMP0849,Engine,4.51888063452872,82.48280349440974,98.78566103401013,1196,408
CMP0850,Hydraulic Cylinder,3.9238374565660776,51.50693136099013,99.51950383545378,4283,415
CMP0851,Gear,0.6540137055378641,63.34260037356262,64.33656389567054,3026,488
CMP0852,Hydraulic Cylinder,1.26105560956115,89.47136101368733,157.40105469733584,1207,873
CMP0853,Gear,1.1188945216439974,43.20174463825584,241.01247642636267,2678,210
CMP0854,Gear,1.7500169336944855,93.44036791466013,247.96598019896402,1247,924
CMP0855,Gear,0.9194626150438588,83.69634274864134,224.92110751486243,1252,64
CMP0856,Gear,0.11279421666372808,53.32974077922378,113.20497616991344,3627,150
CMP0857,Hydraulic Cylinder,2.7623331346570317,91.8937725435811,226.07450021798516,267,520
CMP0858,Gear,2.913758744533698,53.646776144176755,284.85300969981625,3104,185
CMP0859,Gear,3.629728921452956,73.7882854095488,74.68942292930777,2626,926
CMP0860,Hydraulic Cylinder,1.6601411496992116,91.86473603090943,226.31171353759927,4227,462
CMP0861,Gear,4.560974335536105,51.86831107936565,84.75853904643886,4483,435
CMP0862,Gear,3.264361965865704,84.04536146055045,176.5092485469478,1089,777
CMP0863,Engine,1.1374932308453838,67.27830511303627,104.52735027209985,4172,728
CMP0864,Hydraulic Cylinder,1.5121010801754857,84.08807083921647,65.4283289852106,2664,113
CMP0865,Hydraulic Cylinder,4.532981903178096,48.17008688299466,158.43964846237077,902,800
CMP0866,Hydraulic Cylinder,2.5459978452105676,53.70681524746901,182.2950852222404,2998,857
CMP0867,Gear,0.9824182884257131,68.72584816285226,229.56017342056464,3558,756
CMP0868,Hydraulic Cylinder,4.32911773834989,72.29062937843962,161.45927094154405,1582,57
CMP0869,Gear,3.505309243943228,57.08112734369731,239.00045153985178,2265,340
CMP0870,Engine,1.4809384204716152,64.85512055806393,62.96754481036588,2932,153
CMP0871,Gear,3.900821014929105,96.7116464228227,259.77691707924197,1641,961
CMP0872,Hydraulic Cylinder,3.3104725138868543,48.93970194873183,104.89366109755228,1982,734
CMP0873,Engine,4.607925103768483,45.06966922986409,81.02582993796085,4844,292
CMP0874,Gear,4.371624428555423,64.57985549923472,190.05951494923704,3984,72
CMP0875,Engine,1.8033273054933072,72.67713852448935,93.38233421748622,2400,685
CMP0876,Hydraulic Cylinder,3.3740742331816596,76.30742756450235,148.7720549275093,554,739
CMP0877,Hydraulic Cylinder,3.3481673727615986,47.80883212607153,206.89636071947896,1815,391
CMP0878,Engine,4.457510933436006,90.19329965748777,72.22044895288441,3138,875
CMP0879,Hydraulic Cylinder,4.476888714902827,67.27793589722592,53.11992947586348,3736,458
CMP0880,Gear,2.9622457381014837,63.62676322196759,178.90937723722396,2449,474
CMP0881,Hydraulic Cylinder,2.893126797829244,95.61126051903298,184.52208051324143,2057,975
CMP0882,Gear,2.093395318114942,47.93757519147552,60.479210171114474,3777,223
CMP0883,Hydraulic Cylinder,1.876791270872981,82.08007661236842,60.447234133719476,184,551
CMP0884,Engine,4.98176408583802,89.49943199783021,120.14892263554887,3397,699
CMP0885,Hydraulic Cylinder,0.18501500464568738,64.95115691009195,266.7839736100789,1323,473
CMP0886,Engine,2.4469029938425475,95.42456427273001,75.38499272498998,974,968
CMP0887,Gear,3.4582315958848437,91.86288224010553,167.49252327082309,4319,747
CMP0888,Hydraulic Cylinder,2.2690621059251406,55.6750607434839,212.40026265744788,3863,862
CMP0889,Engine,4.296379488637874,88.81027363997944,146.18658278481232,2337,192
CMP0890,Hydraulic Cylinder,2.735395158884675,58.269386095422576,174.755460983288,4811,482
CMP0891,Hydraulic Cylinder,4.556655167256958,83.01591624822333,87.34630458610116,3573,104
CMP0892,Gear,4.4844571970737634,45.16711646076255,154.27557081141435,942,87
CMP0893,Engine,4.510123429236995,76.32504511795948,140.93688389784433,4612,400
CMP0894,Gear,3.059934587224502,84.75577952365558,202.2283039519246,30,943
CMP0895,Engine,0.23629387122113624,68.9830703277545,52.45991129314818,4920,545
CMP0896,Engine,3.5830909660410026,49.492188221575134,69.96574086802877,2236,919
CMP0897,Gear,1.3505252590609385,74.80258817741233,283.99172344726696,1697,205
CMP0898,Gear,2.947410998700345,92.21606160918451,261.0894458478932,2589,466
CMP0899,Gear,3.2382524532048946,68.80003828817172,217.59221059287162,1150,955
CMP0900,Hydraulic Cylinder,0.18000260061457762,49.964237097574504,216.1265983788705,2148,310
CMP0901,Engine,1.9219386182200215,56.52652953501901,91.81857150997168,4359,393
CMP0902,Hydraulic Cylinder,2.091313413418388,50.202949454130135,172.2516139364282,3687,688
CMP0903,Engine,1.8455285714017202,98.59463580427442,158.63454000548452,4014,685
CMP0904,Engine,0.5425437003478556,86.61032428584284,255.6038051066503,4531,460
CMP0905,Hydraulic Cylinder,4.297402968734406,49.31663917058691,88.58819667573451,1329,371
CMP0906,Gear,0.36669877434640674,40.23504495911991,142.58952093285342,166,727
CMP0907,Engine,2.3529838170000787,85.12180204236675,206.97419733112685,2450,715
CMP0908,Gear,1.37265719436193,66.12012261056411,264.6445547758666,1986,67
CMP0909,Engine,4.161999369336308,72.14814495940216,151.86914415463642,2259,726
CMP0910,Hydraulic Cylinder,2.0951038075209008,82.06598699922522,109.91832507136452,2802,953
CMP0911,Gear,4.205169541279194,48.070332060652845,182.9330635744607,3299,244
CMP0912,Gear,1.7972017138198844,70.91038417408538,148.88828505719962,2280,976
CMP0913,Gear,1.0728731707626264,78.5995499610064,85.84381675663695,4779,652
CMP0914,Hydraulic Cylinder,0.881682396244106,68.60453574497886,214.40955186018337,2294,847
CMP0915,Engine,2.1176868934904785,46.825908782376416,241.23924863835398,626,330
CMP0916,Hydraulic Cylinder,1.7039082140861033,51.268462771468535,268.0103573201863,3892,823
CMP0917,Gear,3.8319931224900627,65.22202128620924,185.46512275712357,971,222
CMP0918,Hydraulic Cylinder,0.19913624661827428,42.24972387326233,259.8317658906236,3627,491
CMP0919,Hydraulic Cylinder,4.19619229363759,71.32335911743851,115.28326880768559,2102,412
CMP0920,Gear,1.8709672239986879,90.3870378681024,150.89313245746098,3321,152
CMP0921,Gear,4.030839901166052,64.69366746241039,210.36694660153594,1435,750
CMP0922,Hydraulic Cylinder,3.530553612747457,72.69847956594856,176.67568040275592,2879,718
CMP0923,Gear,3.798410738395586,58.06918995453418,200.85445958226757,4484,145
CMP0924,Engine,2.412725672512211,51.26514654524533,204.7631050802907,3905,511
CMP0925,Engine,1.1021685633721934,48.140251395115726,110.16552065775937,3196,311
CMP0926,Engine,2.151759327952061,62.89648604212283,161.12109301251934,3375,739
CMP0927,Gear,1.5753344420197681,96.40042448809952,133.5913765025112,2239,755
CMP0928,Gear,4.087603811302098,76.9602244743438,80.88259957915557,3573,815
CMP0929,Engine,0.8524539712797915,59.81349655181775,232.87887465016604,4149,730
CMP0930,Engine,2.247516746851375,63.19878152859046,88.98090809821034,4274,676
CMP0931,Engine,4.629483676822439,52.18386748180105,198.73834059525967,2783,850
CMP0932,Engine,3.702016518977224,90.66258412080234,248.9600808453988,3691,396
CMP0933,Hydraulic Cylinder,1.4916315325646736,53.52751800230213,72.46731686782219,920,295
CMP0934,Engine,3.5366652473441453,64.40739415126811,88.46710461737342,4412,801
CMP0935,Engine,1.9734164068244167,75.83084555758631,271.0881910183342,4992,309
CMP0936,Hydraulic Cylinder,2.164309867548846,53.24633047270124,106.51167028347076,4009,944
CMP0937,Engine,3.1982933819863435,87.67679881598124,111.3201530125568,2619,281
CMP0938,Gear,2.790790179405874,97.31277778964467,205.6185644390531,1270,813
CMP0939,Hydraulic Cylinder,3.1826661076790455,97.97250986650253,280.9943220699692,3521,972
CMP0940,Engine,3.084249199289121,76.93890800146929,114.07352161510401,810,979
CMP0941,Hydraulic Cylinder,0.32154441767783726,53.95474929167323,204.6135739689021,2213,964
CMP0942,Hydraulic Cylinder,2.8144014014698633,92.47874471954742,50.10304247839002,3626,428
CMP0943,Hydraulic Cylinder,2.6711484222724944,83.39111533296045,155.50606899360784,2310,354
CMP0944,Engine,2.8936049922364635,93.71823008956595,205.35215980598448,1231,340
CMP0945,Engine,1.1068328091462547,40.37976002176494,290.3650300559823,1650,290
CMP0946,Gear,4.640880456817137,89.44785890209694,155.00965271717922,1986,951
CMP0947,Hydraulic Cylinder,3.1544601803448615,84.93067784148397,229.75457349267666,740,452
CMP0948,Gear,3.2579800796085028,47.937663791320446,276.2359672736512,4964,763
CMP0949,Engine,3.6814850393705707,51.27820617709759,108.52169910603877,4655,858
CMP0950,Gear,0.5990686844265177,76.1596257122554,172.8999658421633,3426,999
CMP0951,Gear,2.2626936306284473,73.97154917393783,179.8373776078583,289,629
CMP0952,Hydraulic Cylinder,3.6660766278367425,78.10940706722332,150.50572668132926,1307,714
CMP0953,Engine,0.10734918192137645,83.06197769303196,53.05604112025998,4075,781
CMP0954,Hydraulic Cylinder,2.2241809347174897,97.49854196847232,240.9654241893726,4306,742
CMP0955,Engine,1.1688807339167988,49.54622830164234,131.72410116301126,549,914
CMP0956,Hydraulic Cylinder,2.6851793109226536,55.39719543331434,114.03700950155167,4196,383
CMP0957,Engine,3.572428143543485,99.25132612467442,175.5366946048876,426,711
CMP0958,Engine,3.1371318350338537,72.0344248912219,282.28463234359026,3670,322
CMP0959,Engine,2.722095988637785,55.03845092137679,141.60758437216492,4400,846
CMP0960,Gear,2.419709345104121,88.45135973387973,103.97168845973584,2463,188
CMP0961,Gear,1.0113477693787982,78.05994209863807,113.87531504995117,2255,628
CMP0962,Hydraulic Cylinder,2.672795834728778,81.18690856541502,187.75881095322435,3605,688
CMP0963,Hydraulic Cylinder,2.4714532919728605,49.374506726808264,109.56654403415199,2528,255
CMP0964,Gear,3.781812475018726,91.65984837071116,172.02117451422347,3912,885
CMP0965,Hydraulic Cylinder,4.5354864700886734,68.85991413566644,103.07897178319429,251,871
CMP0966,Engine,1.1080363518352827,58.79105640283694,92.76869800741592,4805,452
CMP0967,Hydraulic Cylinder,3.641515269522743,76.78052112477458,146.95368310061224,316,721
CMP0968,Gear,3.983093232044825,99.66952326035744,248.4591115635344,1228,450
CMP0969,Hydraulic Cylinder,4.107679551257674,81.27322359677107,150.0273284164666,4156,817
CMP0970,Engine,0.16473193014380122,61.56894638478739,236.4200110003772,1972,421
CMP0971,Hydraulic Cylinder,3.966492023487013,49.140224287903514,248.20467734408317,3327,750
CMP0972,Gear,2.420407134257719,59.00125984008186,140.27128053621624,573,856
CMP0973,Engine,0.7513548531151812,96.68404363728168,144.32839711579015,2973,531
CMP0974,Hydraulic Cylinder,2.3505598780110084,44.70589483622862,286.7722517188289,397,770
CMP0975,Engine,3.1403128048973334,92.00282563208249,92.14860272642946,4857,929
CMP0976,Gear,3.00141818957334,87.05158087208684,189.62729986587843,1446,541
CMP0977,Engine,4.965873508929534,41.12483106651005,88.62500036795274,269,243
CMP0978,Hydraulic Cylinder,1.0961798484048133,45.62688757863552,104.95184541239442,3812,595
CMP0979,Engine,2.572784014795254,75.76456922885669,158.15296453865494,1053,925
CMP0980,Gear,0.6404106475376838,59.72268090426485,64.03694543449745,1063,587
CMP0981,Gear,1.7999772617286725,88.0750568870395,115.2216603137489,3530,348
CMP0982,Gear,3.3825172533001675,72.64615358764996,70.14850687069472,1446,667
CMP0983,Hydraulic Cylinder,4.974428056327982,65.79107177553115,140.50970478866253,4717,321
CMP0984,Engine,0.8884580626679699,91.79074264676822,293.0121367035873,19,622
CMP0985,Hydraulic Cylinder,3.4568141589165826,73.76252835902847,146.17757342061765,2578,954
CMP0986,Gear,3.786692808752093,47.69694659862145,153.4735880816761,4444,506
CMP0987,Hydraulic Cylinder,2.5893623531880503,64.81105055879829,280.69665744332826,2941,569
CMP0988,Engine,3.962671060421783,80.98680083761917,242.57171455054663,4177,650
CMP0989,Hydraulic Cylinder,0.9547375019896698,77.67750135306207,100.13216095294001,825,791
CMP0990,Engine,1.4920528785092726,80.83140433747076,206.1592668523994,2390,461
CMP0991,Engine,4.225883673828492,77.32554551212556,200.62312235494585,4999,51
CMP0992,Gear,1.5984645773595896,84.58397716718314,265.4012327065991,3019,397
CMP0993,Hydraulic Cylinder,2.340333631248485,84.91275722572456,221.05971160411875,2151,741
CMP0994,Engine,0.7393619797042127,66.0336194769427,92.15425390023273,1304,534
CMP0995,Hydraulic Cylinder,3.52715539981755,88.8428548185891,163.8658203140199,3119,449
CMP0996,Hydraulic Cylinder,4.677657705353742,81.2372216551629,118.2024667351438,1586,989
CMP0997,Gear,3.025700740772818,47.9732471916097,250.9504788979293,2997,940
CMP0998,Hydraulic Cylinder,3.9411407458034797,76.44328065321473,259.4900363610485,3165,440
CMP0999,Hydraulic Cylinder,4.160775183240219,82.91691111703214,211.9537710828457,2047,357
CMP1000,Gear,1.193692526958116,98.79274815506935,233.2466376019536,1618,498
